{
  "project_info": {
    "project_number": "663441407089",
    "project_id": "megaworks-ema-74ecd",
    "storage_bucket": "megaworks-ema-74ecd.appspot.com"
  },
  "client": [
    {
      "client_info": {
        "mobilesdk_app_id": "1:663441407089:android:39a4a639df46ab628a2fd0",
        "android_client_info": {
          "package_name": "ai.megaworks.ema"
        }
      },
      "oauth_client": [
        {
          "client_id": "663441407089-p4e0id9239ievddds98se7agqlht6rmj.apps.googleusercontent.com",
          "client_type": 3
        }
      ],
      "api_key": [
        {
          "current_key": "AIzaSyC5OOwbwZlKfNqQ201BxiFGDo1rj1NLhFI"
        }
      ],
      "services": {
        "appinvite_service": {
          "other_platform_oauth_client": [
            {
              "client_id": "663441407089-p4e0id9239ievddds98se7agqlht6rmj.apps.googleusercontent.com",
              "client_type": 3
            }
          ]
        }
      }
    }
  ],
  "configuration_version": "1"
}